[
  {
    "environment": [
      {
        "name": "WorkerRoleScheduler",
        "value": "60000"
      },
      {
        "name": "FeedService:BaseUrl",
        "value": "http://${ALB}:7000/"
      },
      {
        "name": "MessageBroker:BaseUrl",
        "value": "http://${ALB}:5000/"
      }
    ],
    "essential": true,
    "image": "672985825598.dkr.ecr.us-east-1.amazonaws.com/fls/scheduleworkerrole:latest",
    "memory": 2048,
    "cpu": 512,
    "name": "scheduleworkerrole",
    "logConfiguration": {
      "logDriver": "awslogs",
      "options": {
        "awslogs-group": "${LOG_GROUP}",
        "awslogs-region": "us-east-1"
      }
    }
  }
]