[
  {
    "environment": [
      {
        "name": "ConnectionString",
        "value": "Data Source=flsdb.czavkspy3bd9.us-east-1.rds.amazonaws.com;Initial Catalog=SystemDB;User Id=aoteam;Password=123@Queso;Integrated Security=false;Connection Timeout=60;MultipleActiveResultSets=false;"
      },
      {
        "name": "adfs.url",
        "value": "https://fs.clinpay.com/adfs"
      }
    ],
    "essential": true,
    "image": "672985825598.dkr.ecr.us-east-1.amazonaws.com/fls/authorization:latest",
    "logConfiguration": {
      "logDriver": "awslogs",
      "options": {
        "awslogs-group": "${LOG_GROUP}",
        "awslogs-region": "us-east-1"
      }
    },
    "memory": 1024,
    "cpu": 512,
    "name": "authorization",
    "network_mode": "bridge",
    "portMappings": [
      {
        "containerPort": 7080,
        "hostPort": 7080,
        "protocol": "tcp"
      }
    ]
  }
]