[
  {
    "environment": [
      {
        "name": "adfs.url",
        "value": "https://fs.clinpay.com/adfs"
      },
      {
        "name": "ClinPointDbConnString_flscvops",
        "value": "Data Source=flsdb.czavkspy3bd9.us-east-1.rds.amazonaws.com;Initial Catalog=ClinPointDB;User Id=ClinFeeduser;Password=Abcd@4321;Integrated Security=false;Connection Timeout=60;MultipleActiveResultSets=false;"
      }
    ],
    "essential": true,
    "image": "672985825598.dkr.ecr.us-east-1.amazonaws.com/fls/clinpointbridge:latest",
    "logConfiguration": {
      "logDriver": "awslogs",
      "options": {
        "awslogs-group": "${LOG_GROUP}",
        "awslogs-region": "us-east-1"
      }
    },
    "memory": 512,
    "cpu": 256,
    "name": "clinpointbridge-cvops",
    "network_mode": "bridge",
    "portMappings": [
      {
        "containerPort": 5700,
        "hostPort": 5702,
        "protocol": "tcp"
      }
    ]
  }
]