[
  {
    "environment": [
      {
        "name": "adfs.url",
        "value": "https://fs.clinpay.com/adfs"
      },
      {
        "name": "AnypointMqConfigBaseUrl",
        "value": "https://mq-us-east-1.anypoint.mulesoft.com/api/v1/"
      },
      {
        "name": "AnypointMqConfigClientId",
        "value": "f8452cc7acc649aaa6ca2c4030710473"
      },
      {
        "name": "AnypointMqConfigClientSecret",
        "value": "be8298a197514f0585226977042EBDEA"
      }
    ],
    "essential": true,
    "image": "672985825598.dkr.ecr.us-east-1.amazonaws.com/fls/messagebroker:latest",
    "logConfiguration": {
      "logDriver": "awslogs",
      "options": {
        "awslogs-group": "${LOG_GROUP}",
        "awslogs-region": "us-east-1"
      }
    },
    "memory": 512,
    "cpu": 256,
    "name": "messagebroker",
    "network_mode": "bridge",
    "portMappings": [
      {
        "containerPort": 5000,
        "hostPort": 5000,
        "protocol": "tcp"
      }
    ]
  }
]