[
  {
    "environment": [
      {
        "name": "adfs.url",
        "value": "https://fs.clinpay.com/adfs"
      },
      {
        "name": "BlobStorage",
        "value": "DefaultEndpointsProtocol=https;AccountName=clinfeedstoragedev;AccountKey=2wEq4KK+JtMc4O5Twtjcat61uIZiiZhCz405P2IA+ex4tUSCvCL5ge5H/AWmbyfFoMjKoMHGkbOVkTF4me7++A==;BlobEndpoint=https://clinfeedstoragedev.blob.core.windows.net/"
      }
    ],
    "essential": true,
    "image": "672985825598.dkr.ecr.us-east-1.amazonaws.com/fls/storageservice:latest",
    "logConfiguration": {
      "logDriver": "awslogs",
      "options": {
        "awslogs-group": "${LOG_GROUP}",
        "awslogs-region": "us-east-1"
      }
    },
    "memory": 512,
    "cpu": 256,
    "name": "storageservice",
    "network_mode": "bridge",
    "portMappings": [
      {
        "containerPort": 3000,
        "hostPort": 3000,
        "protocol": "tcp"
      }
    ]
  }
]