[
  {
    "environment": [
      {
        "name": "adfs.url",
        "value": "https://fs.clinpay.com/adfs"
      }
    ],
    "essential": true,
    "image": "672985825598.dkr.ecr.us-east-1.amazonaws.com/fls/uiservice:latest",
    "logConfiguration": {
      "logDriver": "awslogs",
      "options": {
        "awslogs-group": "${LOG_GROUP}",
        "awslogs-region": "us-east-1"
      }
    },
    "memory": 512,
    "cpu": 256,
    "name": "uiservice",
    "network_mode": "bridge",
    "portMappings": [
      {
        "containerPort": 7095,
        "hostPort": 7095,
        "protocol": "tcp"
      }
    ]
  }
]