{"Modules":[{"Source":"./modules/ecs-cluster","Key":"1.ecs;./modules/ecs-cluster","Version":"","Dir":".terraform/modules/62deb88300aa572335c5d7455e3f27ea","Root":""},{"Source":"modules/ecs-service-alb/","Key":"1.ecs-clinfeed-service;modules/ecs-service-alb/","Version":"","Dir":".terraform/modules/607a8d50c1fb7af41334848c388cefcb","Root":""},{"Source":"./modules/elastic/","Key":"1.elastic;./modules/elastic/","Version":"","Dir":".terraform/modules/89407e6c24126e43cc387008072763fe","Root":""},{"Source":"./modules/cloudwatch/","Key":"1.cloudwatch;./modules/cloudwatch/","Version":"","Dir":".terraform/modules/8ca2ea3a16272041b63de392809528e3","Root":""},{"Source":"./modules/pipeline","Key":"1.clinfeed-pipeline-dev;./modules/pipeline","Version":"","Dir":".terraform/modules/82e2a6af16fe4553c042899a9cc04b75","Root":""},{"Source":"./build","Key":"1.clinfeed-pipeline-dev;./modules/pipeline|build;./build","Version":"","Dir":".terraform/modules/382abaa2970b8c1873d471a8de662713","Root":""},{"Source":"./modules/ecs-cluster/","Key":"1.ecs;./modules/ecs-cluster/","Version":"","Dir":".terraform/modules/f31225bfc7f17e7094844458ca879001","Root":""},{"Source":"./modules/ecs-service-alb/","Key":"1.ecs-clinfeed-service;./modules/ecs-service-alb/","Version":"","Dir":".terraform/modules/6d98cdef6d948bbfdd557b1a26dbd95b","Root":""}]}